No.,Position X,Position Y,Position Z
1, 2.34091, 1.276559, -1.621635
2, 0.3680434, 1.026245, -1.179487
3, 0.7010713, 4.75044, 2.314215
4, 3.095329, 2.541071, 1.626873
5, 3.966075, 4.675363, -2.986905
6, 2.197325, 5.502837, -0.6941013
7, -1.818685, 2.543572, -2.386624
8, 3.687728, 1.26137, 1.509638
9, -0.6315026, 4.494817, 0.9440346
10, -1.402153, 2.662086, -1.62042
11, 3.226944, 2.298796, -2.511144
12, 1.181929, 3.237609, -2.283849
13, -1.160097, 4.49592, -3.662733
14, 3.93285, 2.068795, -0.8554573
15, 1.753505, 1.778514, 1.622458
16, -2.506114, 5.649757, 3.194042
17, -3.79836, 2.671757, 1.522699
18, 3.664312, 3.094426, -0.331522
19, -2.745308, 5.060174, 1.600384
20, -0.7353435, 2.05426, 0.4335175
21, 3.230538, 3.209867, -3.932226
22, -1.146082, 4.309784, -0.5782032
23, 1.241657, 1.361296, 3.029787
24, -2.031904, 4.949347, -0.4947376
25, -3.826663, 2.925662, 1.369505
26, 1.069161, 2.254018, 3.477898
27, -2.490104, 4.358802, -0.6443748
28, 0.02734327, 3.198501, -3.972737
29, -1.198829, 1.330259, -3.093249
30, 0.05315351, 2.679602, 3.358984
31, 1.396984, 2.548147, -2.898616
32, 3.909168, 2.995632, -1.773619
33, -1.576993, 5.726029, -1.505695
34, -2.367125, 3.265249, -3.309733
35, 2.492683, 5.815797, -2.739538
36, 0.3938689, 4.570192, 2.841829
37, 2.36552, 1.778825, -0.1794128
38, 3.249358, 2.967276, -1.512146
39, -0.272532, 2.218857, -2.6359
40, -0.5115199, 2.757135, -3.439171
41, -1.408021, 4.185003, -3.194568
42, 2.286876, 1.152974, -2.124248
43, 0.5676188, 3.368043, 3.128725
44, -3.51832, 4.825499, -1.434149
45, 0.06498575, 4.739331, 0.7813683
46, 0.4088311, 3.223287, -2.828072
47, 2.360396, 4.197116, -3.619542
48, 1.656957, 4.200085, -3.164518
49, 3.326677, 4.743056, -2.186329
50, -0.08127928, 3.955775, 2.48461
51, 1.564231, 3.213581, -2.299797
52, 0.4520125, 5.118309, -3.759497
53, -2.117354, 5.696879, -0.2658787
54, 2.493812, 4.617837, 1.7208
55, 1.516429, 2.887068, -0.2090054
56, -0.6231418, 3.162498, 0.4319572
57, -1.65211, 1.330237, -0.9484367
58, 2.427361, 4.975736, -1.660847
59, 0.9095464, 3.020888, 3.762245
60, 0.864882, 1.604799, 3.824837
61, 1.759745, 2.090611, -3.769756
62, -2.829612, 4.034583, -0.8825436
63, 3.97046, 5.050237, 1.012449
64, -0.6115918, 5.077405, 2.984459
65, -3.477977, 3.762293, -3.546634
66, 2.887591, 2.839447, 3.936689
67, 3.362611, 3.637439, -3.065699
68, 2.966593, 4.464364, 2.035721
69, -2.41748, 4.505309, -3.929442
70, 2.762706, 4.296058, 0.9061756
71, -1.790047, 5.86014, 0.03242493
72, 2.235849, 1.089954, 1.142303
73, 0.2963653, 5.293167, 2.530457
74, -2.884129, 4.791956, 1.632843
75, 3.516328, 3.508649, -2.597963
76, 1.975567, 2.158803, -3.250482
77, 2.59984, 3.080109, -2.340556
78, -1.989105, 4.65327, -3.940227
79, -3.67555, 2.399618, -2.770006
80, 2.675464, 5.315983, -0.2873173
81, 1.266043, 4.263333, 2.978973
82, -1.188951, 3.550784, 1.305025
83, -0.1807294, 4.218765, -0.0262928
84, -2.647776, 1.295264, 3.777464
85, 1.912628, 3.719206, 0.1647987
86, -3.950029, 2.064332, 2.794865
87, -1.911653, 5.908094, 2.799389
88, -1.551977, 2.5946, 0.4600048
89, -0.1024861, 3.530035, 2.269674
90, -2.045551, 1.719439, 1.247646
91, -1.096485, 1.116705, 2.25033
92, -3.15815, 5.862646, -2.169101
93, 2.182718, 5.845344, 3.873955
94, -2.682647, 4.408114, -2.122135
95, 3.309995, 4.610983, -3.985583
96, -2.246661, 1.303354, 3.533844
97, -2.591745, 5.338987, 1.812185
98, -0.2917295, 4.759746, 1.531408
99, -0.8510499, 1.826706, 2.528162
100, 1.691793, 1.138432, -1.17053
101, -1.836027, 5.902038, -2.913586
102, -1.73472, 4.003469, -2.0627
103, -2.584992, 4.065921, 2.476555
104, -1.38074, 4.598926, 0.4649601
105, 1.678824, 5.341645, -0.994278
106, -2.882157, 2.452952, -2.187644
107, -2.062289, 5.74675, -3.651117
108, -2.478013, 5.244956, -3.247761
109, -0.7783723, 5.898972, -3.965858
110, -0.5217643, 3.738, -2.376715
111, -3.375903, 1.508284, 2.092926
112, -0.4022002, 2.031093, 2.334221
113, 3.861259, 2.124263, -1.53215
114, -2.142247, 2.094145, -1.331476
115, -1.219348, 5.643148, -0.03317261
116, 2.395905, 2.976817, 2.182554
117, 1.774825, 5.922296, 0.801878
118, 2.437224, 3.114076, -3.72153
119, 3.825212, 3.485939, -3.273888
120, -2.609376, 2.674232, -1.24395
121, -1.707379, 5.359785, -3.975616
122, 1.97783, 1.538498, 3.566967
123, 0.307404, 4.580567, 2.433853
124, -1.354595, 4.657569, -0.7639294
125, -0.6102481, 2.618868, -2.41153
126, 2.729065, 1.475925, 0.9780502
127, -2.407781, 4.672487, 1.624371
128, -1.441377, 4.47669, 0.2801933
129, 1.580401, 4.453618, -3.712133
130, -2.620108, 3.844594, -0.9892845
131, 2.352634, 3.729468, -0.8132782
132, 1.640288, 3.433193, -0.8738518
133, 0.3340287, 1.35656, -3.657921
134, -1.733719, 1.600725, -1.106287
135, 0.8261323, 5.224833, -3.869494
136, -3.489232, 1.579402, -0.9189529
137, 3.819697, 5.983014, 3.034756
138, -1.503351, 1.631057, -0.6719799
139, -0.4838548, 1.008214, -0.04735565
140, -2.790121, 3.330316, 1.627865
141, -0.9794145, 4.633377, -0.248415
142, -2.191245, 4.698779, -3.504129
143, 3.750452, 2.93986, 3.735872
144, 0.1230168, 4.665447, 3.191677
145, -1.278324, 4.263966, -1.3836
146, 3.686447, 5.391557, 2.881599
147, 0.1660981, 3.150939, 1.749718
148, 1.932291, 5.198892, -2.658192
149, 2.84259, 2.573533, 3.65517
150, 0.1405778, 1.570763, 3.739515
151, -3.718647, 4.081175, 0.9617596
152, 0.163425, 3.204848, -1.465521
153, 0.14749, 4.983293, 3.259138
154, 0.9151034, 5.928112, 3.834595
155, -1.414817, 4.80999, 2.746218
156, 0.6261458, 2.533305, 0.9247398
157, -3.885137, 3.858268, -3.653538
158, 3.325223, 5.846736, -0.923254
159, -0.2119632, 4.714584, 3.749966
160, 2.935001, 3.810306, 0.4185352
161, 0.06848288, 4.642245, 0.5909767
162, -1.403597, 2.543244, -1.843674
163, -3.685123, 1.078776, -1.483585
164, -2.661058, 3.180413, -0.1395874
165, 3.45366, 1.61074, 0.2584553
166, 1.157897, 1.672465, 2.486227
167, 3.451262, 5.323416, -3.929448
168, 0.411963, 2.617746, 0.01306915
169, -2.69991, 2.017322, -0.6321964
170, -1.180834, 4.181945, -2.511185
171, -2.299071, 5.480121, 3.415344
172, -0.1565499, 1.994384, -0.3752174
173, 2.967064, 3.43803, -0.2255306
174, -2.893667, 5.03587, 1.290564
175, -1.526888, 3.771611, -1.9981
176, -2.755127, 2.082459, -0.2799397
177, 1.929079, 2.538586, 1.870752
178, 1.62718, 2.852906, -1.368834
179, -0.08947325, 3.185798, -2.406378
180, -2.842921, 4.206858, 2.887678
181, -1.129407, 2.925172, 0.249094
182, -2.168012, 4.12203, 1.542389
183, 2.98109, 3.522977, -1.837845
184, -3.745955, 3.599372, -0.07496262
185, -3.227711, 5.779828, -2.109911
186, 1.167738, 4.312945, 1.007732
187, 2.665805, 5.817907, -3.370291
188, 0.988708, 5.185804, 2.418743
189, 2.463769, 5.454578, 1.885117
190, -3.393031, 1.202723, 3.011539
191, 0.5064731, 3.858977, -1.84127
192, -1.929291, 4.463277, 0.02701569
193, 1.111003, 1.417367, 0.6804447
194, -0.7752938, 5.550072, -3.3648
195, -3.293877, 2.836297, 0.5947208
196, -0.3878455, 3.369074, -2.29194
197, -1.295751, 1.991955, -2.159708
198, -2.678184, 4.072855, 2.337191
199, 1.263792, 2.346612, 2.300442
200, -0.3774762, 1.907329, -1.64863
201, -3.77206, 4.53969, -2.071818
202, -3.048383, 5.19927, -2.935259
203, -1.020798, 3.608213, 2.501545
204, 2.638041, 4.20425, -0.01153374
205, 3.39011, 5.358262, 1.942701
206, 1.431634, 2.40114, -1.50951
207, 3.454636, 3.677503, -3.214139
208, -1.668151, 1.183793, -0.4125519
209, 1.932639, 5.588751, 0.5875797
210, -2.939143, 3.481829, -0.6264191
211, -3.236631, 1.552216, 0.2828102
212, 3.559516, 1.701786, -2.230366
213, -2.531073, 3.115962, 0.137289
214, 3.441641, 5.291176, 0.04867363
215, -1.12391, 4.898026, -0.4624348
216, -3.292652, 1.311942, 2.424229
217, 3.705239, 3.753151, 3.728081
218, 1.248814, 5.114179, -1.609365
219, -3.274985, 2.559, -1.204559
220, 1.285027, 3.714937, -0.4735298
221, 3.635688, 5.603907, 0.7475643
222, -2.863927, 2.000807, 3.814419
223, 3.544321, 2.960525, -2.228993
224, 0.7392755, 4.456102, 0.5342293
225, 3.415643, 2.52637, 1.043142
226, -0.02810717, 4.719226, 3.230211
227, 2.592825, 3.530368, 3.819447
228, 1.952206, 5.100126, -2.81424
229, -0.9775519, 1.196426, 1.22134
230, 1.955103, 3.55637, -1.110786
231, 0.497684, 1.32923, -2.865114
232, -2.51731, 3.431575, -1.179747
233, -3.462871, 5.576204, -3.759991
234, -3.276881, 3.51718, 0.8649559
235, -0.4350419, 5.208688, -1.642134
236, 3.341531, 4.695499, 0.3029537
237, 1.288524, 3.516123, -3.75754
238, -2.464573, 3.63277, 1.892265
239, -2.827504, 1.240051, 0.9880276
240, 2.481161, 1.064659, 2.824303
241, 2.24704, 2.42637, 3.932899
242, 1.004691, 2.757211, -2.373935
243, -0.7054324, 5.482952, 1.438837
244, -0.1673827, 2.369293, 2.530643
245, 3.111895, 3.288292, 3.885344
246, -3.348438, 5.437958, -3.469566
247, 2.969851, 2.051566, -2.928068
248, 0.6543002, 3.645102, 3.332619
249, 2.11703, 3.174761, -2.786036
250, 2.18173, 5.800847, 0.3172207
251, -1.019459, 1.547554, -3.960313
252, -3.106821, 3.384321, -3.873578
253, -0.7938981, 5.276227, -2.494106
254, 1.572997, 3.856783, 1.067625
255, -2.725208, 4.83336, -3.973622
256, -0.156817, 5.73677, -0.03766251
257, 0.07666445, 2.756584, -1.84655
258, 1.486438, 4.021918, -3.613629
259, 0.7776484, 4.696592, -1.416151
260, -3.905208, 1.032446, -3.630645
261, -1.678936, 2.570583, 2.841915
262, -0.8252711, 2.498943, 0.4207153
263, 0.8552966, 5.046277, 3.178204
264, 0.8149858, 2.533392, -1.723049
265, -0.8253808, 4.58173, -3.016532
266, 3.138861, 2.793234, 3.32937
267, 0.5203986, 5.158081, 1.65267
268, -2.707598, 5.210834, -0.09856796
269, -2.10078, 5.486039, -0.2239189
270, -1.728511, 1.903091, -2.247428
271, -3.836231, 1.920452, -1.257542
272, -1.938258, 1.914538, -2.483553
273, -2.127648, 5.04154, 3.934437
274, 1.831484, 3.643933, 1.161556
275, 3.665473, 3.221181, -1.131918
276, -0.6921067, 1.415794, 1.964985
277, 2.181479, 2.107631, -3.325636
278, 0.7771449, 5.078055, -3.428023
279, 3.45134, 4.105649, 1.572546
280, -2.548731, 1.049522, -1.286678
281, -0.7500129, 5.302615, 1.35231
282, -2.809709, 2.903147, 3.666588
283, 3.824458, 5.103831, -0.7258263
284, 2.678283, 1.635613, 3.164318
285, 2.405391, 5.018625, -0.6280003
286, 0.650351, 4.314399, -2.660082
287, 2.875845, 2.883983, 2.597954
288, -2.777073, 1.130162, 1.74596
289, -3.226653, 2.160055, 1.961643
290, 2.849339, 1.162582, -2.982315
291, -0.3215146, 1.294646, 3.632118
292, -1.649971, 5.891103, -2.33857
293, 2.014709, 1.682299, -0.484539
294, 2.48559, 3.130318, 1.551252
295, 3.347194, 3.885317, -2.802566
296, 1.238877, 3.661024, 2.55229
297, 0.2318177, 5.323385, -2.885972
298, 2.201914, 1.072623, -3.330452
299, -0.9339347, 1.170117, 0.9283638
300, -0.9934497, 4.65328, -3.838564
301, 1.27903, 4.112824, -2.357539
302, 3.752925, 2.610992, 3.152021
303, 1.447432, 1.326997, -1.191977
304, -3.507718, 1.64994, 2.130245
305, 2.492301, 4.244233, 1.449884
306, -3.579964, 1.687442, 0.8143082
307, 0.3556228, 4.67485, -2.840063
308, 3.01606, 2.708493, 3.413124
309, 3.295918, 4.755467, -3.750066
310, 0.7003713, 5.732627, 2.995377
311, 0.6070027, 5.012114, 1.357262
312, 3.731147, 3.644854, 3.068878
313, -3.277567, 2.679671, -3.205655
314, -3.218675, 2.182814, 2.830673
315, -2.514318, 4.893382, 0.8302822
316, 0.0474, 3.576093, -2.365057
317, -3.072164, 2.228586, -0.08261871
318, -1.0575, 1.81526, -1.125286
319, -0.00783968, 2.877678, 3.50831
320, 3.665112, 2.959776, 3.744038
321, -3.190757, 1.264077, 3.414379
322, -2.746926, 1.611277, -2.172137
323, 3.824871, 2.305685, 2.867718
324, 2.116972, 5.524016, -3.91197
325, 1.906902, 4.873967, 1.63476
326, 3.005661, 1.33296, 3.172874
327, 2.736183, 4.765849, 2.839691
328, -1.866858, 4.55796, -0.7630043
329, 0.9888206, 5.200246, 3.462868
330, -3.175208, 3.660618, -1.807592
331, 1.563683, 3.303519, -0.3898048
332, -2.432033, 2.549672, 3.84701
333, 0.4804549, 4.191294, -1.935785
334, 0.8345428, 3.766982, -0.2784252
335, -2.991211, 2.435355, -3.305968
336, 3.840887, 3.00811, -2.788994
337, -3.611727, 3.000361, -1.567879
338, -1.825787, 4.797718, 0.7226162
339, 1.864481, 5.706903, 3.948746
340, -3.426271, 5.894256, -2.711879
341, 2.646692, 1.564022, -3.282248
342, 3.448318, 4.343371, 3.370319
343, -3.275299, 4.721822, 2.520311
344, -3.054249, 5.159385, 0.3413658
345, -2.200212, 5.789023, -1.546745
346, -3.904113, 5.605715, -1.533436
347, 2.54268, 2.558559, -3.082646
348, 3.697349, 2.153688, -3.925979
349, -0.46067, 2.075052, -2.546804
350, 1.469675, 4.116711, 1.301498
351, 1.710152, 3.120195, 3.6507
352, -3.688082, 4.834073, 3.261894
353, 3.801501, 4.951909, -1.216234
354, 2.436168, 3.881718, -3.026256
355, 1.656624, 2.684196, -0.8924198
356, -1.297976, 3.84195, 3.332064
357, 1.045103, 1.763787, 0.6300392
358, -0.8957324, 4.358885, 3.090508
359, -2.967194, 2.462838, -2.410022
360, -3.134234, 4.727578, 2.902475
361, -2.099207, 5.76901, -2.894
362, -1.125723, 3.710059, -1.072807
363, -3.055896, 4.746905, 3.338379
364, 2.180492, 1.521582, -1.687046
365, -3.271987, 3.987647, 2.630735
366, 1.240291, 1.167052, 2.284798
367, -3.111556, 5.831127, 2.069603
368, -1.165339, 2.611544, 0.1137505
369, 0.7574019, 1.529189, -3.516634
370, 1.778576, 2.16559, -0.378067
371, 1.057669, 4.73762, 3.861317
372, -0.09289598, 1.895947, -1.526676
373, 2.480145, 3.342752, 3.2255
374, 3.090284, 4.125168, -3.458289
375, 2.882853, 5.952397, 3.080765
376, -2.660266, 3.381359, -1.203371
377, -3.111159, 5.759091, 2.184742
378, -3.878089, 4.871622, -0.2536736
379, -0.390058, 3.811871, -2.562266
380, -0.03850889, 4.301967, -2.476484
381, -3.978993, 5.46138, 1.558487
382, -0.9311843, 3.312829, -3.057505
383, 0.7042537, 5.075569, 0.9212837
384, -3.863481, 4.121707, 2.767723
385, -1.452688, 2.950608, -3.761925
386, 3.876207, 4.093664, -0.1242332
387, 0.461659, 2.509327, 1.642584
388, 2.930635, 4.963078, -0.8233299
389, -3.739572, 5.34178, -0.720335
390, 1.409158, 4.196927, -2.474334
391, -0.7560678, 3.000823, -0.2164288
392, 1.07271, 5.081377, -1.809254
393, 3.46734, 2.165572, -1.709831
394, -3.615886, 3.997046, -1.479826
395, -1.772843, 5.808115, -0.9913578
396, -1.326584, 5.108101, 2.241287
397, -2.032176, 2.281767, 1.256594
398, -3.265274, 1.994744, -3.088025
399, 1.601448, 2.338231, -3.98471
400, -0.09192419, 5.512869, -3.142095
401, -1.723623, 1.144618, 2.914597
402, -0.8680892, 5.784295, 3.498955
403, 1.174778, 2.382025, 2.373295
404, 1.818332, 2.926965, 1.405825
405, 2.785708, 4.007439, -2.445716
406, -3.402801, 1.116886, -2.603188
407, -1.487836, 3.33416, -3.193659
408, -3.70494, 4.17367, 2.307198
409, -1.653857, 1.35058, -2.198065
410, -0.8937507, 2.919164, -2.444977
411, 1.989375, 5.759526, -1.832632
412, 3.204494, 1.417364, -3.475406
413, 0.4557567, 4.283376, -1.926468
414, -1.5585, 4.964056, 1.699032
415, -0.3883233, 2.774225, 2.910648
416, 0.7112985, 1.143561, 1.865086
417, 2.234168, 3.943453, -0.3568459
418, -2.720551, 5.606837, -0.3079281
419, -2.291017, 3.319424, -0.81633
420, -0.432508, 5.474451, 1.173264
421, -0.5548272, 1.078398, -0.8664207
422, 0.7851415, 5.792922, -3.287545
423, 0.01779795, 5.040369, 1.318844
424, 0.2184138, 4.167581, 3.581432
425, -2.557349, 3.935975, 0.9782887
426, 0.8580041, 4.878122, 3.678032
427, 1.974437, 1.806826, 3.621235
428, -1.083486, 4.400387, 2.966005
429, 1.741409, 2.966059, 0.3357277
430, -2.375899, 4.64767, 2.731108
431, -3.291272, 4.62507, 3.631474
432, 2.039166, 4.838164, 3.667507
433, -0.1867471, 1.282608, -2.260173
434, -3.46594, 4.754823, 0.160017
435, -0.4169984, 3.364059, 3.516989
436, 0.5067973, 5.207666, -3.660319
437, 1.361384, 4.003513, -3.327506
438, 2.935438, 4.767895, 2.890938
439, -3.358537, 1.938584, 3.781593
440, -2.281029, 4.271242, 3.519106
441, -3.117669, 2.574188, -1.372072
442, 1.428307, 5.277509, 2.801472
443, 2.271156, 1.540341, -2.374652
444, 1.355424, 1.313799, -3.902335
445, 3.122233, 5.5094, 3.437952
446, 1.954271, 3.526428, 0.2402344
447, -1.506302, 2.691552, 0.02014732
448, 2.781817, 5.124161, -1.216774
449, 2.135371, 4.119184, 2.89674
450, 0.1634746, 4.626505, 0.9694405
451, -2.083274, 4.814783, -3.702063
452, 1.511196, 5.141243, -2.125739
453, 0.8929019, 5.336417, 1.509493
454, -0.8134303, 4.076126, 1.866095
455, -2.808603, 2.548033, 2.572456
456, 2.740331, 4.265615, 2.747631
457, 1.698005, 5.704985, 3.673042
458, 2.722865, 3.250078, -2.676581
459, -3.881836, 5.013747, 0.3016911
460, 1.677303, 5.809535, -1.168306
461, -2.248461, 1.05433, 3.808468
462, 1.788792, 5.113656, 0.9357243
463, 1.713597, 1.975314, 1.417658
464, -0.309588, 5.350474, 2.345699
465, 0.3356252, 2.614653, 0.9126434
466, -2.237295, 2.309896, 0.1917267
467, 3.367964, 5.89041, 0.750124
468, -1.959432, 5.661207, 0.8643322
469, -2.906081, 4.299804, 2.917086
470, 0.8090615, 4.885888, -0.2590103
471, 3.057239, 2.641894, 0.1988659
472, 3.732032, 2.12985, 3.876766
473, 1.307825, 2.180975, -2.342108
474, -0.2499814, 2.469211, -2.383986
475, -2.960394, 4.733295, -3.334661
476, 0.2008109, 2.517974, -3.773324
477, 3.245743, 1.725983, -3.465174
478, -2.992814, 4.672602, -0.5731354
479, -2.868052, 5.221541, -1.443836
480, -2.759555, 2.993372, 2.576935
481, 0.8891149, 4.275092, 0.08202744
482, -2.291612, 5.646112, 1.175835
483, -1.159769, 4.825048, 2.649536
484, -1.38677, 2.435156, -1.445662
485, 3.315034, 3.314709, -1.325281
486, 3.553242, 2.659671, -3.785295
487, -0.412868, 3.597783, -0.2351227
488, -1.888216, 3.797487, 3.464981
489, -2.003833, 3.87837, -2.910286
490, 2.161296, 1.332205, 0.05980301
491, 2.226589, 5.462203, -3.841505
492, -1.273855, 4.342292, -0.2567863
493, 0.2325368, 2.861565, -1.830931
494, 1.298705, 3.857553, -2.905501
495, 2.950107, 2.561042, -3.924929
496, 1.039722, 5.68688, 1.473536
497, -2.351859, 4.622936, -2.497478
498, -3.466459, 1.253169, 3.427284
499, -1.767379, 2.289029, -1.342251
500, 2.726724, 3.361275, -3.368548
501, 3.971457, 5.396404, -0.527092
502, 1.508448, 1.45424, 3.288776
503, 3.21999, 3.996984, 1.707291
504, 1.43226, 1.10408, -3.763545
505, 3.075536, 2.878466, -3.236978
506, -1.276256, 2.552939, -0.06571579
507, -3.26317, 4.045526, -2.364342
508, -2.135046, 4.247907, 0.837471
509, -1.697413, 2.94863, -2.663845
510, -1.109879, 1.891356, -3.793295
511, 1.566904, 4.069105, 2.156158
512, -0.1220241, 3.795584, 1.918756
513, 0.6975541, 4.397368, -1.611942
514, 0.7843795, 3.687974, 3.206806
515, 2.039624, 2.738674, -0.3935013
516, -3.593762, 3.573087, 0.7468929
517, 2.403825, 4.767061, -1.914307
518, 2.266447, 5.97923, 2.247009
519, 0.4004254, 5.694823, 2.750568
520, -1.774205, 3.764476, -2.898498
521, 0.6844983, 4.94381, -1.252213
522, -3.186604, 5.277874, -2.712316
523, 3.941269, 5.01813, -1.347513
524, -0.8448806, 3.619071, 3.936687
525, -0.1860204, 2.521689, -3.344152
526, 0.08393335, 5.323762, 2.130569
527, 3.859665, 5.226691, -0.9504204
528, -0.2111783, 1.366176, 2.340544
529, 3.61738, 5.499001, -1.677187
530, -0.605123, 3.249762, 0.4752617
531, 0.6663213, 5.571394, -3.987139
532, -3.595901, 1.090293, -0.7351189
533, 0.9540029, 1.317088, -1.358332
534, 2.758533, 2.872808, -3.680078
535, -2.974287, 4.149528, 0.499054
536, -3.928438, 4.656274, -0.8116302
537, -1.886324, 3.292951, 3.512039
538, 0.5701804, 4.458586, -1.018236
539, 0.8189855, 5.707278, 0.4034367
540, -2.459909, 4.736044, 1.888941
541, -3.068848, 2.849864, -1.322424
542, -0.3017573, 2.949572, 2.374107
543, -3.564943, 2.487163, 0.7307968
544, 1.286837, 1.572169, -0.6420765
545, -3.028712, 5.624047, 2.896759
546, 2.278728, 5.906916, -2.360198
547, 1.322079, 3.943521, -3.687855
548, -3.303377, 1.243051, 1.821777
549, 0.5202317, 1.105006, -1.960167
550, -0.8165612, 4.634568, 1.21846
551, -2.676963, 4.103746, -2.844571
552, -2.639054, 3.146674, 3.209629
553, -2.008731, 3.412544, 1.638042
554, -3.232085, 5.88367, 0.8543358
555, 2.631618, 3.210007, 3.604488
556, 2.025854, 3.169174, 3.452055
557, -1.22024, 3.444918, 1.074129
558, 3.803942, 3.439812, -0.7529583
559, -3.097903, 5.284352, -0.8003502
560, -0.7194829, 2.059087, -1.420301
561, -2.19308, 4.366219, -2.00683
562, -2.800882, 5.596953, -0.3825302
563, -3.967047, 1.9952, 2.62491
564, -0.5971503, 2.38709, 3.005253
565, -3.32027, 4.173816, -2.90968
566, -0.3625627, 5.969047, -0.1911621
567, -0.1547751, 2.328536, -1.948193
568, -0.808867, 1.519865, 0.4683552
569, 3.605715, 3.342233, -3.611469
570, 1.591977, 1.395617, -0.5171299
571, -2.667515, 1.303372, -0.1143932
572, -1.28969, 4.319742, -3.22629
573, 2.919878, 5.308226, -3.906213
574, 2.382446, 3.69138, 0.7814674
575, 1.919729, 1.267582, 1.722195
576, 0.8996463, 5.551797, 2.755135
577, 1.3994, 4.730375, 3.251457
578, 0.8369184, 3.31834, -3.468044
579, 3.37275, 1.343199, 2.389755
580, 2.907779, 5.666552, -2.63083
581, 1.63759, 2.210123, 1.089399
582, -0.1146398, 5.619345, -3.144647
583, 2.78332, 1.009573, -0.9563389
584, 2.176888, 2.492852, 1.788488
585, -0.1753249, 1.473006, -1.13854
586, 3.862614, 4.95182, 2.240946
587, 2.633241, 5.859227, -1.88822
588, -2.346678, 4.700519, -2.345823
589, 2.378286, 2.147046, 1.584846
590, -3.186309, 1.087427, 2.771032
591, -2.512913, 1.779049, -1.77899
592, 0.07253504, 1.755883, -2.089766
593, -0.7837853, 4.302155, 2.600641
594, 2.596712, 3.561337, -0.6925392
595, 1.133507, 2.568355, 2.228424
596, 0.3740811, 1.673474, -0.4128475
597, -3.160238, 3.197483, 2.21199
598, -1.355901, 3.736119, 1.066513
599, 0.6759963, 4.323343, 3.153282
600, -3.609247, 5.132114, -0.3276501
601, 0.9385467, 4.259164, -0.2604256
602, 0.8876643, 4.302138, 3.457535
603, 2.621948, 4.493043, -3.445525
604, -0.4369636, 5.057869, -2.581139
605, 2.004696, 1.92515, 3.564716
606, -0.7195725, 3.238064, 0.03538513
607, -2.613011, 1.510461, -0.4558964
608, 3.003313, 3.030894, 3.640467
609, 1.231388, 2.920468, 1.208523
610, 2.979202, 5.01616, -0.6085911
611, 1.283004, 3.167615, -3.579214
612, 1.433384, 4.280396, -1.703283
613, -3.497777, 2.732202, 2.473175
614, 2.322964, 5.167706, 2.117151
615, 2.329574, 5.239195, -3.713977
616, -1.059566, 1.271319, 1.174107
617, -2.705788, 5.287514, 2.081276
618, 1.407961, 2.713086, 2.954128
619, -1.260297, 1.828742, -2.843636
620, -0.09820032, 3.447387, -0.9789925
621, 0.3148522, 5.574927, -2.929656
622, -1.547789, 4.42672, 0.703186
623, -3.910011, 1.959793, -1.662516
624, -0.9666419, 4.79792, -1.063148
625, -0.8961844, 3.356101, -1.212791
626, 3.027069, 4.862814, -1.745613
627, -2.896374, 2.960044, -2.933709
628, -1.275516, 2.241084, -2.475492
629, 2.512062, 2.261353, -3.051832
630, 0.6855884, 3.81389, 0.09946632
631, -3.096116, 3.845194, 3.188881
632, -3.740882, 4.418579, -0.3304539
633, -2.576655, 5.924329, -3.859627
634, 0.1041102, 3.358424, -2.423982
635, 2.140364, 2.60114, 3.523525
636, 0.4709649, 1.949243, -2.173832
637, 0.6510034, 1.466103, -3.068776
638, -0.4356017, 2.460752, -2.262928
639, -0.666079, 1.42897, 1.967133
640, 3.035641, 5.481708, 2.840919
641, 0.194447, 1.846029, -3.051629
642, 0.1717782, 2.587227, -1.059702
643, 3.310097, 1.845191, 2.550516
644, -0.8694472, 3.13365, -1.0382
645, -3.351049, 4.090346, -1.567837
646, 2.566892, 2.158112, -0.8358746
647, -1.362272, 2.279219, -0.7009983
648, 1.800162, 2.444748, -0.695261
649, -3.34941, 5.167803, 0.5866451
650, 1.162374, 1.435548, -0.6484966
651, 1.287618, 1.007275, -1.093996
652, 0.1345763, 4.36311, 1.043442
653, -2.597022, 3.186534, 0.574398
654, -0.7657895, 3.406321, -2.170424
655, -2.600093, 5.122184, 0.9613628
656, 2.661733, 3.711824, 1.314585
657, -1.259628, 5.616004, -1.978584
658, -3.9951, 1.806816, -1.395885
659, 2.357787, 2.525719, -0.7561169
660, -3.146864, 4.388827, -3.74767
661, -2.412666, 1.329652, 1.499958
662, -3.348081, 4.494516, -2.822041
663, -3.617079, 3.291241, 3.372892
664, -3.618088, 3.487033, -1.618101
665, -0.7317929, 3.06046, 0.393137
666, 0.3752675, 2.764044, -3.362666
667, 3.289849, 1.867667, -3.790494
668, -0.7933698, 5.326965, 0.1261349
669, 0.8493457, 5.991566, -2.545612
670, -0.934402, 2.704515, -2.963327
671, 0.2527261, 1.384575, -2.282081
672, 0.9039283, 5.109413, 2.967791
673, 2.291678, 2.927852, 2.690826
674, -0.7838273, 5.97424, 2.412231
675, 2.088861, 5.28093, -1.750505
676, -0.1646829, 1.030092, -1.597334
677, 2.075029, 5.592711, 3.0793
678, -0.6839585, 1.929657, 0.6534042
679, -1.470385, 1.887208, 1.366879
680, 1.932478, 5.766397, -2.948384
681, 1.279728, 1.60298, 2.178596
682, 0.9589362, 2.958619, -1.926315
683, -1.22264, 2.430694, 0.1952972
684, -3.962362, 5.736341, -0.5758152
685, -1.465869, 3.931728, -2.304806
686, 1.597051, 3.520961, -1.983898
687, -1.057255, 4.478452, -0.5356274
688, -0.3091035, 1.577077, 3.39942
689, 2.270051, 2.478104, -3.102198
690, 1.332453, 5.136042, -1.311533
691, 0.5078092, 3.648021, 1.684336
692, 1.40162, 3.77883, 3.99428
693, -1.992477, 4.734392, 2.955826
694, 1.254201, 4.761086, -1.160473
695, -1.098391, 2.154877, -2.576056
696, 1.433298, 2.688278, 3.467993
697, -2.766536, 2.080598, -3.963327
698, 0.3657537, 5.635915, -3.428794
699, -0.3916783, 4.258423, 2.827801
700, -3.447904, 1.955835, 0.2926579
701, 1.335763, 2.298816, 1.89113
702, 3.222147, 3.741398, 3.408054
703, -3.273798, 4.393086, -2.562607
704, 0.4123445, 5.993869, -1.762609
705, 1.203817, 4.396486, -2.002666
706, 1.732907, 1.219707, 3.502409
707, -0.1602349, 5.848705, -0.4872818
708, 2.963887, 1.92418, -3.018744
709, 2.95879, 3.639619, 0.7720051
710, -1.957201, 5.519321, 2.525028
711, -2.582489, 2.961673, -1.191271
712, -3.138066, 1.101978, 0.1535416
713, 0.8281274, 3.501891, 2.117765
714, 3.0395, 1.925332, -1.519892
715, -3.383758, 4.313492, 3.06118
716, -3.891218, 4.946401, 2.776615
717, -2.004749, 1.514216, -3.505625
718, 1.605782, 3.006524, -3.400632
719, -0.9313397, 2.977846, 3.500149
720, 3.105316, 1.527484, 2.413715
721, -2.98702, 4.924488, 3.288286
722, 2.850172, 4.761817, 1.079906
723, -0.5133634, 3.463797, 1.585138
724, -0.1157517, 1.606377, -2.484221
725, 0.4048419, 1.091567, -0.5659924
726, -0.2396064, 2.840093, -2.17063
727, 2.440771, 1.597805, 2.276039
728, -1.104729, 4.064655, -3.88002
729, 1.653906, 2.589483, 2.688812
730, 0.6646113, 5.320694, 1.98303
731, -0.6529441, 2.993837, -3.197974
732, -1.527221, 2.368945, 3.125187
733, -1.172929, 1.332906, -3.477336
734, -0.05023909, 1.566948, 0.1135578
735, -0.233356, 5.746965, 0.8078384
736, -0.7534738, 4.995808, -0.0194664
737, -2.672485, 4.997075, 3.768436
738, -1.476493, 5.284644, 3.705032
739, 0.6009908, 3.246722, 2.127045
740, -0.9132943, 1.296784, 1.434933
741, -1.365777, 4.272283, 2.504402
742, -1.848307, 2.714685, 0.1567459
743, -3.759229, 1.891507, -3.290947
744, -2.166622, 3.197333, -0.4580307
745, -3.788674, 3.058116, 1.427256
746, 2.823472, 1.72016, 2.935677
747, -3.343242, 1.064411, 2.344868
748, 2.532647, 5.538955, -2.294429
749, -1.087053, 4.12895, 2.980801
750, 1.599173, 1.431079, 3.754572
751, 1.286808, 3.393989, 0.7758789
752, 0.4567695, 4.055648, -2.097101
753, -2.182106, 1.373692, -3.484132
754, -1.622271, 2.792202, -3.325047
755, -1.376376, 2.677562, -3.395002
756, 3.869023, 2.605026, 1.549646
757, 3.349742, 4.459569, -1.964491
758, -3.806821, 2.773276, 2.695499
759, 3.939795, 3.661592, -1.12549
760, -3.530861, 5.163438, -0.7205086
761, 1.290293, 5.13967, -1.485838
762, -1.474431, 1.113428, -1.228968
763, 1.437878, 3.882306, -3.975168
764, -2.774596, 2.219154, 0.9766064
765, -3.196164, 3.270407, 0.4271278
766, -2.795866, 1.838051, 3.156805
767, -2.738264, 2.145459, 0.8755207
768, 1.142487, 1.132446, -0.2394829
769, -1.47245, 1.715283, -2.545429
770, -1.649329, 3.032301, 2.018885
771, 1.176952, 4.740661, -1.669094
772, 0.9589505, 3.700341, 1.028103
773, 1.954368, 5.339353, 0.08231163
774, -2.77291, 5.634275, 3.746332
775, 3.801307, 3.352389, -1.279699
776, -2.697332, 3.979314, 0.3102036
777, 2.544038, 4.009276, 1.37207
778, 2.82623, 3.236873, -3.56538
779, 0.5091777, 5.326438, 3.825783
780, -1.046297, 3.99601, -2.65987
781, 0.5095458, 1.008056, -0.6920242
782, -0.8751483, 2.325152, 1.165565
783, -2.76201, 5.621898, 3.808578
784, -2.029497, 5.348319, -2.036573
785, -2.969896, 2.298534, 0.1892204
786, -2.080769, 3.009419, -2.463089
787, -3.2099, 2.671819, -3.599495
788, -2.326729, 3.803207, 1.948467
789, -0.5758967, 5.607857, 0.3537731
790, -3.729659, 4.804398, 1.23181
791, 0.308064, 3.137357, -1.255077
792, 2.863124, 4.484856, -0.7124519
793, -2.81011, 4.695446, 1.413927
794, 0.1661897, 1.946833, -1.688478
795, -2.291417, 3.553159, -0.07077599
796, -2.238026, 1.137032, -2.314881
797, -2.176922, 1.564316, 1.095486
798, 0.3884282, 3.926236, -3.944098
799, -3.188579, 1.888522, 1.896156
800, -0.5768113, 2.732067, -0.1136475
801, -1.541762, 3.641181, -0.8490601
802, 3.463708, 3.74122, -3.846176
803, 2.311644, 5.352116, 1.125565
804, -0.9215655, 4.35204, 3.196068
805, 1.75677, 3.629225, -3.355393
806, -1.238452, 5.645243, 0.4718971
807, 2.072628, 5.047892, -2.712917
808, 2.477073, 1.229868, 0.7923546
809, -3.017984, 4.548769, -0.7433567
810, -3.138662, 4.686779, -1.342562
811, -1.103125, 4.51607, 0.2406235
812, 0.3578248, 4.86161, 3.083414
813, -1.702757, 4.099564, 2.696993
814, 2.555038, 5.103688, 3.668331
815, -3.107044, 1.18254, 0.8627357
816, 3.550339, 5.422447, 2.157833
817, -0.9402251, 2.435822, 3.732599
818, 1.702535, 4.7102, 1.716318
819, -1.458133, 2.54716, -1.673105
820, 0.5279403, 5.307734, -3.586008
821, 3.026023, 3.631658, -2.498486
822, -0.1377015, 5.537233, 1.836706
823, -0.09764814, 4.987428, -0.7958794
824, -0.3899312, 2.08469, -0.4967213
825, 3.767062, 2.193528, 2.006424
826, -3.425672, 1.827276, 3.02622
827, 2.207938, 3.320141, -0.07845116
828, 1.39241, 4.254962, -1.339483
829, 1.669911, 1.386996, -1.295362
830, 0.01385546, 4.330954, 0.5400867
831, 3.934551, 3.725169, 1.72064
832, 2.896359, 4.027872, -0.7914352
833, 2.487637, 5.479234, -0.452446
834, 3.334604, 2.340999, -0.4060154
835, 2.616998, 1.894857, -1.323359
836, 0.4563384, 5.716798, -1.834534
837, 0.09137583, 1.205262, 0.3088341
838, -1.355559, 5.392207, -2.08732
839, -3.257186, 2.168766, 1.153547
840, -0.8700414, 5.880823, -2.232224
841, -3.241134, 4.390144, 1.121237
842, 0.128758, 3.617449, 2.654819
843, 1.554803, 4.16, -3.461177
844, 1.775862, 2.058469, -3.193742
845, 0.2630725, 2.550937, -1.178495
846, -2.561843, 1.156289, -2.626349
847, -3.262167, 3.885441, 2.771572
848, -2.896368, 3.102029, -3.837651
849, -1.140816, 2.642461, 0.578928
850, -2.98035, 2.250969, 2.402826
851, -3.304291, 5.474751, 2.801685
852, -0.6208663, 4.425607, -3.47427
853, 0.4673362, 2.786788, 1.727793
854, -2.55367, 3.84824, 0.9195843
855, 3.51445, 4.787013, 2.019455
856, 3.368763, 3.892594, 0.5002842
857, -0.0452466, 4.199162, -0.6302776
858, 1.71841, 2.813251, 2.828613
859, 0.04987478, 5.97175, 0.799036
860, 0.8747163, 3.043269, 0.6611652
861, -1.215411, 1.583329, 0.2421131
862, 2.420915, 3.093126, 1.294239
863, -2.701093, 1.388361, -3.940184
864, 3.79472, 4.364745, 1.50762
865, -1.574572, 4.3769, -3.71133
866, 0.438334, 4.416833, 2.319683
867, 2.679072, 2.90743, 2.303009
868, 0.7531238, 5.278947, -3.055499
869, -0.8687778, 5.136526, -3.134079
870, 1.520355, 5.036163, 0.9958134
871, -3.942812, 3.69595, -3.961877
872, -1.153347, 1.18592, -0.9473686
873, -2.713465, 4.740834, 0.2262878
874, -0.6884036, 1.701665, -1.124859
875, -3.242027, 1.483845, 0.8018341
876, -3.730368, 5.088739, 0.1359749
877, 3.663629, 1.529076, 0.508707
878, 3.668125, 5.588241, 2.904608
879, -1.478967, 3.797079, 3.20723
880, -1.429354, 5.248867, 0.8846512
881, 0.3447328, 3.086161, 1.226469
882, -1.715503, 5.034957, -2.075085
883, 1.281633, 3.58355, -2.111591
884, -0.1442256, 1.487933, 1.435585
885, 3.720535, 1.412897, 0.6419582
886, -1.193776, 5.505993, -1.566414
887, -0.9745517, 2.166596, 2.838951
888, -2.376163, 1.236652, 0.05973816
889, -1.361187, 1.2711, -3.347257
890, -2.655832, 2.966849, 3.143929
891, -1.049708, 5.082261, -0.1791649
892, 0.5203328, 2.203136, 0.1360874
893, 1.228726, 5.860465, -2.516898
894, 3.185314, 2.044124, 3.283331
895, -3.610452, 2.00714, -0.06181717
896, 2.657068, 5.503074, 0.054842
897, 1.762531, 4.14556, 2.543327
898, -1.462066, 3.203585, -2.845817
899, -3.064128, 1.234761, 1.989407
900, 0.2998414, 2.80765, -1.122019
901, -1.758851, 2.155485, 2.387972
902, 1.548611, 4.107459, 3.377464
903, -3.628263, 4.730556, -2.912076
904, -2.817441, 1.157837, -0.9778366
905, -2.913, 1.853824, -0.3009892
906, 2.614552, 1.889063, 3.887201
907, -2.788765, 4.744572, 2.317677
908, 0.6571593, 3.956151, -3.641724
909, 1.369706, 3.37997, -0.9656105
910, 0.49787, 5.375918, 2.050583
911, -0.006046772, 4.686253, -3.156209
912, 0.4580407, 4.843562, 3.955315
913, 0.7554297, 1.650867, 2.735615
914, -0.4625087, 1.431463, 0.3941822
915, 3.965561, 1.001553, -3.012778
916, -2.050545, 5.01754, 1.40122
917, 0.1716323, 3.257475, -1.475039
918, 3.759356, 5.988804, -2.766805
919, -0.2658935, 3.493025, -2.265007
920, 1.993077, 5.224998, 1.475092
921, -3.937258, 3.075004, -3.434548
922, 0.8610015, 5.771763, 1.84981
923, -1.701356, 3.133996, 2.619038
924, 0.7768035, 3.080316, -2.71719
925, 0.1401105, 5.421849, 3.257936
926, 3.796382, 3.813155, -0.9071865
927, 0.3547225, 3.237945, -3.97423
928, 1.504628, 4.146104, -2.031636
929, 2.696435, 4.410905, 0.5095425
930, 2.306875, 5.425994, 2.090729
931, -0.1494861, 1.796233, 2.607338
932, -1.820923, 3.481224, -3.814796
933, 3.86313, 5.462415, -0.2658501
934, -3.054068, 4.494608, -1.669706
935, -2.867515, 4.569873, -3.939403
936, 1.672382, 3.968207, 2.213373
937, -1.877877, 1.055035, -0.2038212
938, -1.112474, 1.289893, -3.738605
939, 2.870882, 4.086933, 2.191647
940, -0.3657718, 5.563271, 1.254139
941, 3.907001, 3.707006, -0.1765823
942, -0.9110599, 1.724065, -3.565157
943, -1.298971, 2.912961, 3.578976
944, 1.149383, 4.615704, -1.821911
945, -2.5309, 4.135547, -2.964116
946, 2.071485, 1.951577, -0.9647541
947, -3.791414, 4.975965, -2.937501
948, -0.2682757, 3.235277, -0.1390095
949, 1.138433, 1.126014, -2.624974
950, 3.635298, 1.422067, -2.570251
951, -2.236611, 2.86591, 1.000008
952, 3.091022, 2.437733, 1.056572
953, -3.808187, 5.129144, 1.046186
954, -3.256913, 2.862566, -1.827539
955, 3.887053, 4.818218, -0.2948246
956, -1.841428, 5.849161, -0.3399849
957, 0.6891379, 3.909136, -2.187332
958, -3.592522, 2.554768, -2.236483
959, -0.7080894, 2.731371, -3.849948
960, -1.808743, 3.229863, -3.822261
961, -1.721037, 4.77891, 0.7275105
962, 2.629344, 3.419843, 0.6485939
963, -3.686523, 1.787513, -0.9616432
964, -0.7760377, 3.294081, -0.6121731
965, -2.527259, 2.381049, -3.850879
966, 2.757355, 5.445604, -3.547532
967, 1.074051, 1.012395, -1.017862
968, 1.814101, 2.071955, -0.3770638
969, 1.998837, 3.635541, 3.646847
970, 2.710022, 3.139398, 3.867924
971, 2.280334, 4.54741, 0.5937843
972, -0.2122169, 4.028164, -1.97142
973, 0.2509074, 3.301074, -0.7142277
974, -3.06755, 5.142339, 0.7848759
975, -1.430915, 4.483196, 1.271908
976, -0.3318191, 5.730767, 2.244835
977, -0.5466218, 4.952631, -3.066732
978, -0.3712678, 5.225928, 2.164333
979, -2.160655, 5.97858, -2.902884
980, 2.063683, 5.51948, 0.1425495
981, 2.151004, 4.910734, -0.6410446
982, -1.902641, 2.281311, 2.646164
983, 1.064, 2.972961, 3.130333
984, -0.6296077, 5.184763, 0.02940369
985, -3.504382, 5.03378, 3.125053
986, 0.5991979, 2.307033, 3.900036
987, 3.355519, 1.735986, 1.596777
988, -3.409678, 3.55977, 3.13797
989, 0.8528562, 4.27947, 0.7644005
990, 3.200294, 1.334935, -3.017479
991, 3.990669, 4.479064, 3.886921
992, 0.658627, 5.213165, 2.102001
993, 0.4539542, 3.643528, 2.653885
994, -2.001436, 2.90615, 0.03922844
995, -2.475769, 4.796979, -3.211591
996, -1.934376, 1.542609, -1.893068
997, 0.2658191, 1.169274, 2.488796
998, -2.560887, 1.285137, 3.806103
999, -3.212703, 4.140482, -2.141371
1000, 2.555023, 1.042295, 0.1020393
1001, 0.09233618, 4.301275, 2.4771
1002, -3.222143, 3.704398, -3.436147
1003, 3.809048, 1.949628, 2.635399
1004, 0.2656665, 1.667843, -3.442414
1005, -0.7266879, 1.45329, -1.257105
1006, -0.01991987, 4.354442, -1.312925
1007, 0.1918836, 3.291306, 1.100328
1008, -2.833588, 4.721076, 1.90143
1009, -0.2848525, 1.195736, 0.3802814
1010, -3.639229, 1.134544, -0.5719051
1011, 2.79353, 1.802667, 0.5296326
1012, 2.944995, 2.608118, 3.411922
1013, 2.690946, 1.605961, -3.59729
1014, 2.650822, 2.291578, -0.1359234
1015, -3.644608, 4.163342, -3.496449
1016, -0.409615, 2.490379, -2.945117
1017, 2.860235, 4.485233, 0.3030415
1018, 1.616466, 3.943741, -3.219607
1019, -0.7382855, 4.147233, 1.577702
1020, 3.363665, 1.36649, -2.810555
1021, -2.991951, 4.965982, -0.2324867
1022, 1.643055, 3.137856, -0.8591652
1023, 3.61294, 4.594286, -2.785742
1024, 3.434391, 3.35966, -1.645571
1025, 1.279978, 3.966307, 1.366478
1026, 1.653829, 2.849501, 2.211887
1027, -0.5535932, 3.425905, 2.69836
1028, -0.802032, 3.824692, 2.029461
1029, -0.3991866, 5.094366, 1.881859
1030, 3.907694, 3.310049, 3.072792
1031, 1.793867, 2.220515, -2.428519
1032, 2.59411, 1.293972, 0.9963837
1033, 0.3551745, 3.776964, 0.7237091
1034, 1.039566, 4.495731, 2.617327
1035, -2.71634, 3.659549, -2.675528
1036, 1.452384, 4.65642, 3.099667
1037, 0.3386779, 4.881396, 3.527115
1038, 3.974003, 4.540956, 0.9715843
1039, -2.285983, 1.808243, -0.8130512
1040, 1.630184, 2.772651, -2.690351
1041, -2.018129, 1.16031, 3.731419
1042, 3.026966, 5.417964, -1.522066
1043, 2.235423, 2.392129, 2.349052
1044, -1.574502, 2.741893, -2.021226
1045, -2.60739, 4.337721, 0.916647
1046, -3.893565, 3.508575, -2.42735
1047, 0.7336278, 5.892264, 0.8822289
1048, 3.839363, 5.214728, 1.954777
1049, 3.041373, 1.546178, -0.6661625
1050, -1.917902, 1.838171, 1.417521
1051, 3.391424, 2.507836, 0.3765011
1052, -0.5108581, 2.417547, 0.4145603
1053, 2.184332, 3.602708, 1.897476
1054, 3.843502, 1.150087, 0.2765579
1055, 3.558469, 2.107622, -0.2308807
1056, -0.8888288, 5.835383, -0.8720913
1057, 2.123263, 3.066105, 0.1144447
1058, -1.532812, 1.319368, 2.046223
1059, -2.583436, 4.219973, 2.920124
1060, -3.767684, 1.103461, 2.792347
1061, -0.9276547, 5.536685, 3.155106
1062, 3.924728, 2.215146, -0.5543518
1063, 1.623876, 4.238853, -1.685951
1064, -1.164045, 2.668371, 1.808811
1065, -0.6710296, 1.629151, -1.559017
1066, -3.453221, 4.808342, 0.8165188
1067, 3.428512, 4.95952, -2.474176
1068, -0.122086, 3.852561, 2.475826
1069, -2.654802, 1.452484, 2.606276
1070, -1.909697, 5.032284, -0.7039413
1071, -0.3742986, 5.057021, 3.129429
1072, 3.078119, 1.290998, 0.4379749
1073, 3.049218, 4.814011, -3.412176
1074, 3.134801, 1.901668, -1.990313
1075, 2.542652, 4.046888, -2.63368
1076, -2.436275, 2.766236, 2.643826
1077, -1.098984, 4.55183, -3.785727
1078, 3.933781, 5.086508, 1.336025
1079, -0.54812, 4.132704, -2.842215
1080, 2.457722, 3.314332, 2.202648
1081, -3.137836, 3.460062, 2.075586
1082, -0.7321258, 2.138597, 1.352957
1083, 1.970639, 1.333557, -1.731997
1084, -1.867166, 2.568307, -2.680113
1085, 3.89645, 1.777057, 3.793694
1086, 3.960309, 1.140448, -1.347902
1087, 1.150733, 2.830489, 1.755188
1088, 2.144788, 3.953249, -0.3261871
1089, 1.327703, 3.167457, 1.607138
1090, -2.128314, 2.16654, 3.144836
1091, -1.955667, 5.381658, 3.828671
1092, -0.02767706, 2.254588, 0.282177
1093, 3.14825, 4.027687, -3.510935
1094, -1.353789, 3.298655, 3.435413
1095, -0.9996495, 5.329006, 0.7059689
1096, -1.255364, 4.229687, 1.941534
1097, 0.9311519, 2.029732, -2.012218
1098, 3.609143, 2.770787, 2.703335
1099, -1.046167, 1.785679, -0.4113598
1100, 3.231718, 5.70338, 1.449411
1101, -1.614817, 2.099619, -1.475775
1102, 1.79851, 1.397345, -1.436802
1103, -0.3420644, 5.442742, -0.8019447
1104, -0.9087796, 3.473599, 2.580898
1105, 0.4965425, 2.878037, -3.890862
1106, 2.219338, 3.914641, 1.09429
1107, -3.444905, 1.968327, 3.079052
1108, -2.645059, 4.714801, -0.4289913
1109, 3.799485, 2.802603, -3.457641
1110, -3.255352, 1.434384, -2.094939
1111, 2.670626, 1.926707, 2.159401
1112, -2.925889, 2.823955, -0.03605652
1113, 1.460302, 5.936896, 2.102333
1114, 0.2774587, 2.745066, -2.454003
1115, 3.821054, 5.446379, 2.470402
1116, -0.188375, 3.850848, -2.342663
1117, -2.169949, 5.36191, 2.113449
1118, 2.6733, 1.705297, 0.7966824
1119, -1.507319, 1.264195, -2.227818
1120, 0.3407416, 3.931021, -3.767672
1121, -0.9129481, 3.039103, -1.167286
1122, -2.677979, 5.115526, 1.52726
1123, -1.9186, 1.421771, -0.7731228
1124, -3.134343, 4.402058, 3.455786
1125, 0.2227702, 5.014017, -1.035137
1126, 2.26021, 4.936724, -2.035387
1127, 1.070083, 2.683275, 2.326336
1128, 0.4559798, 3.228775, 3.57024
1129, 2.55391, 1.822778, -2.147015
1130, -3.209026, 2.580638, -2.049694
1131, -3.468734, 1.144637, -1.485676
1132, -0.4634004, 1.218477, 0.7529755
1133, -3.152886, 1.617412, 3.807011
1134, -3.950638, 1.100778, -2.430724
1135, -2.067802, 3.831892, -2.157088
1136, -2.705071, 2.182775, 1.697752
1137, -3.297985, 5.64435, 2.724728
1138, -2.420474, 1.238413, 1.095163
1139, -1.816102, 3.399843, 3.37561
1140, -1.769152, 4.848864, -2.109146
1141, -3.734674, 4.314384, -2.664712
1142, 0.6898522, 4.335002, 1.786192
1143, -1.530102, 1.647227, 2.596233
1144, 2.098192, 3.914336, 3.487741
1145, -3.396027, 1.422028, -2.379031
1146, 0.5554404, 5.49545, -3.823606
1147, 2.914992, 5.384381, 0.3076515
1148, -1.675352, 4.109987, 3.279074
1149, -0.2795672, 1.118603, 3.765749
1150, -2.761746, 2.618264, -3.930893
1151, -0.1147628, 3.891862, 3.194944
1152, 3.240799, 4.981849, -0.8914108
1153, 1.765841, 4.096315, -0.6454201
1154, 3.658858, 3.326625, 2.293224
1155, -0.9624639, 5.913193, 0.5417118
1156, -2.178096, 5.810314, -1.161322
1157, 3.720707, 1.611725, -1.737009
1158, -3.501626, 1.795252, -3.548478
1159, 3.261552, 1.575275, 0.3896885
1160, 0.4528584, 4.829542, 3.255417
1161, 1.86703, 2.507893, 0.4671955
1162, -0.7653146, 4.960659, 3.127579
1163, 1.935275, 4.329641, 2.128284
1164, 2.570927, 5.227876, 1.039314
1165, -2.613729, 4.141427, -2.152492
1166, 1.885796, 4.505345, -0.1602764
1167, -1.865567, 4.862718, 3.842411
1168, 1.015669, 2.580885, 0.5824375
1169, -1.405115, 3.069455, -0.1484699
1170, -3.730365, 3.303129, 0.5263023
1171, -0.5140843, 3.498748, 2.240608
1172, -0.001551151, 2.984447, 3.339144
1173, -0.6763844, 1.022861, 3.88763
1174, -0.03956556, 4.361475, -1.832848
1175, 0.5383649, 3.793087, 1.636284
1176, 0.4714198, 4.926198, -3.972812
1177, 0.3952289, 1.497642, -0.1873817
1178, -3.628077, 3.939396, -0.1148052
1179, 1.929793, 2.059756, -2.078312
1180, 2.404102, 5.186129, 1.760592
1181, -3.934237, 2.665739, 1.911049
1182, -3.366778, 4.798087, 0.4193211
1183, 0.2004228, 5.566015, -1.724827
1184, -0.7513118, 3.530438, -0.7515926
1185, 1.683167, 1.329593, 0.5939674
1186, -3.296287, 2.408731, -3.262585
1187, 1.481131, 5.441229, -2.712578
1188, 2.406286, 4.119914, 0.7065716
1189, -2.322646, 5.71069, 2.417332
1190, -0.4562993, 5.661151, 0.08438683
1191, 2.518846, 5.637518, -0.8124638
1192, 1.403866, 4.228185, -1.69927
1193, 1.016579, 3.012424, 2.442789
1194, 2.672482, 1.662628, -1.493244
1195, 0.8826699, 2.357819, 3.489294
1196, -2.265416, 2.685178, 2.691116
1197, -2.866361, 4.48452, -0.3761139
1198, -3.532488, 3.94159, 3.512749
1199, -3.767009, 2.167749, 0.7822628
1200, -1.013358, 1.041139, 3.56135
